id,timestamp,rating,review,ai_response,ai_summary,ai_actions
4d433920-fdee-43b0-bc1e-161eeda5c318,2025-12-05T16:57:21.804504,4,test 1,Thanks for your feedback! We appreciate you taking the time to write us. (AI currently unavailable.),test 1,#NAME?
aee391c4-a131-4559-9993-63ca0dba8a33,2025-12-05T17:04:52.327033,3,test 2----> wonderful product,Thanks for the great review! We're so glad you're happy with your purchase.,This is a positive review of a wonderful product.,"Here are up to 3 recommended actions for a business owner based on ""test 2----> wonderful product"":

*   **Scale Production & Marketing:** Given the positive ""wonderful product"" feedback from test 2, the immediate priority is to ramp up production to meet anticipated demand and aggressively push marketing efforts to reach a wider audience.
*   **Gather Specific Feedback from Test 2 Participants:** While the overall sentiment is ""wonderful,"" delve deeper to understand *why* it's wonderful. Collect detailed qualitative and quantitative feedback from the test 2 participants to identify key features, benefits, and use cases that resonated most strongly. This will inform future marketing messaging and product development.
*   **Explore Expansion Opportunities:** A ""wonderful product"" is a strong foundation. Use this success to explore related product lines, new market segments, or alternative distribution channels that could leverage the existing positive perception and product quality."
e434c3cc-e7da-408e-afec-82e00258a21f,2025-12-05T17:06:03.602470,1,"pathetic product, one of the worst purchases I ever made.","I'm so sorry to hear about your negative experience with our product, and I truly apologize for the disappointment. We're committed to making things right and would appreciate the chance to understand what went wrong and how we can help.",The reviewer had a very negative experience and considers the product one of their worst purchases ever.,"Here are 3 recommended actions for a product review stating ""pathetic product, one of the worst purchases I ever made"":

*   **Escalate to Customer Support for a Refund or Replacement:** This review strongly indicates a significant product defect or failure. The customer should be directed to contact customer support immediately to explain the issues and seek a resolution, such as a full refund or a replacement product.
*   **Trigger a Product Quality Review:** The intensity of this feedback suggests a potential systemic issue with the product. The company should use this as an opportunity to trigger an internal review of the product's design, manufacturing, or quality control processes to identify and rectify the root cause of such negative experiences.
*   **Offer a Personalized Apology and a Discount on a Future Purchase:** Acknowledging the customer's extreme dissatisfaction with a personal apology can help de-escalate the situation. Offering a discount on a different product could encourage them to give the brand another chance, showing a commitment to customer satisfaction and a desire to recover their trust."
